entry_id,deposited_model_count,polymer_entity_count_RNA,resolution_combined,chains,sequence
6XKN,1,1,2.73,A,GAGCAACUUAGGAUUUUAGGCUCCCCGGCGUGUCUCGAACCAUGCCGGGCCGAACCCAUAGGGCUGGCGGUCCCUGUGCGGUCAAAAUUCAUCCGCCGGAG
6XKO,1,1,2.75,A,GAGCAACUUAGGAUUUUAGGCUCCCCGGCGUGUCUCGAACCAUGCCGGGCCAAACCCAUAGGGCUGGCGGUCCCUGUGCGGUCGAAAUUCAUCCGCCGGAG
6YMC,1,1,2.0,A B,UCUCUGGUUAGGAAACUAACUAGGGA UCUCUGGUUAGGAAACUAACUAGGGA
7E9E,1,1,1.57,A,CUGGGUCGCAGUNNCCCCAGUUAACAAAACAAG
7E9I,1,1,2.8,A,CUGGGUCGCAGUAACCCCAGUUAACAAAACAAG
7ECJ,1,1,3.1,A B C,GGACUCGAAUCC GGACUCGAAUCC GGACUCGAAUCC
7ECK,1,1,2.79,A B C D E F G H I J K L,GGACUCGAAUCC GGACUCGAAUCC GGACUCGAAUCC GGACUCGAAUCC GGACUCGAAUCC GGACUCGAAUCC GGACUCGAAUCC GGACUCGAAUCC GGACUCGAAUCC GGACUCGAAUCC GGACUCGAAUCC GGACUCGAAUCC
7ECL,1,1,3.01,D I J K L A B C E F G H,GGACUCGAAUCC GGACUCGAAUCC GGACUCGAAUCC GGACUCGAAUCC GGACUCGAAUCC GGACUCGAAUCC GGACUCGAAUCC GGACUCGAAUCC GGACUCGAAUCC GGACUCGAAUCC GGACUCGAAUCC GGACUCGAAUCC
7ECM,1,1,1.51,A B C D,GGGCCCGGACCC GGGCCCGGACCC GGGCCCGGACCC GGGCCCGGACCC
7ECN,1,1,1.6,A B C D,GGGCCCGGACCC GGGCCCGGACCC GGGCCCGGACCC GGGCCCGGACCC
7ECO,1,1,1.81,E F A B C D,GGGUCCGGUCCC GGGUCCGGUCCC GGGUCCGGUCCC GGGUCCGGUCCC GGGUCCGGUCCC GGGUCCGGUCCC
7ECP,1,1,2.91,A B D C,GGGCCCGGUCCC GGGCCCGGUCCC GGGCCCGGUCCC GGGCCCGGUCCC
7EDL,1,1,2.6,A B,UUGCGUCACGCCGGCGAAGUCGC UUGCGUCACGCCGGCGAAGUCGC
7EDM,1,1,2.81,A B,UUGCGUCGCGUCGACGAAGUCGC UUGCGUCGCGUCGACGAAGUCGC
7EDN,1,1,2.6,A,UUGCGUCGCGUCGACGAAGUCGC
7EDT,1,1,1.2,A B,GGACUCCGGUCC GGACUCCGGUCC
7EDU,1,1,2.3,A B C D,GGACUCGACUCC GGACUCGACUCC GGACUCGACUCC GGACUCGACUCC
7EEM,1,1,2.593,A,UGCUCCUAGUACGAGAGGACCGGAGUG
7EFG,1,1,2.6,A,GGCGAAGAACCGGGGAGCC
7EFH,1,1,2.7,A,GGCGAAGAACCGGGGAGCC
7EI7,1,1,3.2,A B,GGCGAGGAACCGGGGAGCC GGCGAGGAACCGGGGAGCC
7EI8,1,1,3.1,B A C D,GGCGGGGAACCGGGGAGCC GGCGGGGAACCGGGGAGCC GGCGGGGAACCGGGGAGCC GGCGGGGAACCGGGGAGCC
7EI9,1,1,2.7,A B,GGCGACGAACCGGGGAGCC GGCGACGAACCGGGGAGCC
7EIA,1,1,3.0,A B C D E F G H,GGCGACGAACCGGGGAGCC GGCGACGAACCGGGGAGCC GGCGACGAACCGGGGAGCC GGCGACGAACCGGGGAGCC GGCGACGAACCGGGGAGCC GGCGACGAACCGGGGAGCC GGCGACGAACCGGGGAGCC GGCGACGAACCGGGGAGCC
7EOG,1,1,1.5,A,GCGCACUGGCGCUGCGCCUUCGGGCGCCAAUCGUAGCGUGUCGGCGCC
7EOH,1,1,1.637,A,GGCGCACUGGCGCUGCGCCUUCGGGCGCCAAUCGUAGCGUGUCGGCGCC
7EOI,1,1,1.92,A,GGCGCACUGGCGCUGCGCCUUCGGGCGCCAAUCGUAGCGUGUCGGCGCC
7EOJ,1,1,1.77,A,GGCGCACUGGCGCUGCGCCUUCGGGCGCCAAUCGUAGCGUGUCGGCGCC
7EOK,1,1,2.7,A,GCGCACUGGCGCUGCGCCUUCGGGCGCCAAUCGUAGCGUGUCGGCGCC
7EOL,1,1,2.309,A,GCGCACUGGCGCUGCGCCUUCGGGCGCCAAUCGUAGCGUGUCGGCGCC
7EOM,1,1,2.703,A,GCGCACUGGCGCUGCGCCUUCGGGCGCCAAUCGUAGCGUGUCGGCGCC
7EON,1,1,2.3,A,GCGCACUGGCGCUGCGCCUUCGGGCGCCAAUCGUAGCGUGUCGGCGCC
7EOO,1,1,2.23,A,GCGCACUGGCGCUGCGCCUUCGGGCGCCAAUCGUAGCGUGUCGGCGCC
7EOP,1,1,1.8,A,GCGCACUGGCGCUGCGCCUUCGGGCGCCAAUCGUAGCGUGUCGGCGCC
7EQJ,1,1,2.043,A B,GGGUGAUUAGCUCAGCUGGGAGAGCACCUCCCUUACAAGGAGGGGGUCGGCGGUUCGAUCCCGUCAUCACCCACCA GGGUGAUUAGCUCAGCUGGGAGAGCACCUCCCUUACAAGGAGGGGGUCGGCGGUUCGAUCCCGUCAUCACCCACCA
7EXY,11,1,,A,UUGGUUUGAUUCCAAG
7F8Z,1,1,3.0,A B C D E F G H I J,GGCGAGGAACCGGGGAGCC GGCGAGGAACCGGGGAGCC GGCGAGGAACCGGGGAGCC GGCGAGGAACCGGGGAGCC GGCGAGGAACCGGGGAGCC GGCGAGGAACCGGGGAGCC GGCGAGGAACCGGGGAGCC GGCGAGGAACCGGGGAGCC GGCGAGGAACCGGGGAGCC GGCGAGGAACCGGGGAGCC
7FJ0,11,1,,A,GGAUGCUUACUCAGCGAUCC
7KUB,10,1,,A,CUGCUCUACCUUCACCAUGCCAAGUGGUCCCAGGCUGCACCCAUGGCAGAAGGAGGGCAG
7KUC,10,1,,A,GGAGGAAGGAGCCUCC
7KUD,10,1,,A,GGUUUCGGGAACC
7KVT,1,1,2.73,B,GGGAAGAUACAAGGUGAGCCCAAUAAUAUGGUUUGGGUUAGGAUAGGAAGUAGAGCCUUAAACUCUCUAAGCGGUAUCUUCCC
7KVV,1,1,2.85,D,GGGAAGAUACAAGGUGAGCCCAAUAAUAUGGUUUGGGUUAGGAUAGGAAGUAGAGCCUUAAACUCUCUAAGCGGUAUCUUCCC
7LO9,1,1,1.78,A B C D,CGCGAAUUAGCG CGCGAAUUAGCG CGCGAAUUAGCG CGCGAAUUAGCG
7M3V,1,1,2.19,A,UGCUCCUAGUACGAGAGGACCGGAGUG
7MKT,1,1,1.97,A,GUGUGUGUGUGUGUGUGUGUGUG
7FHI,11,1,,A,GGAUGCUUACUCAGCCAUCC
7KVU,1,1,2.68,G,GGGAAGAUACAAGGUGAGCCCAAUAAUAUGGUUUGGGUUAGGAUAGGAAGUAGAGCCUUAAACUCUCUAAGCGGUAUCUUCCC
7MLW,1,1,2.7,F,GGAUCGCUAGGGUUCCGGUCGUGCGGCGUUCGCGCCGCACGAUGCUGGUCCGAGAGCAAUCCGGUCUUGCCUUCGCCUCGUUCGCGAGGAAACGGCGAGGCUCCACGGAGGGAUAAAAGCCCGGGAGG
7OUO,1,1,2.212,AAA BBB,UCGUGCGA UCGUGCGA
7POF,10,1,,A,GGCGCAUCGGCGCC
7PS8,10,1,,A,CAGGGAGGUGUGGCCUGGGCGGG
7PTK,1,1,5.18,B,GGGAGAGUACUAUUCAGAUGCAGACCGCAAGUUCAGAGCGGUUUGCAUCUAGGGUACGUUUUCGAACGUAUCCUCCGACUAAGUGUAUUCGUAUACUUAGUGCCUUGUGCCUGCUUCGGCAGGCAUGACCCAAAUGUGCCUUUCGGGGCACAUUUCCGGUCAUCCAAGUUCGCUUGGGUGAUGCGGGCGUAUAGGUUCGUCUAUACGUCCGCGUUUUCCGAGAAGAGGUAACUCGGGAAACCGGUCCACGUGACAAAGGUAGAGUUACGUGGAGGGAGCAGCUGCAAAGGGAUAAUGCAGUUGCUGGCUGGAUGCCAGAACUCACGACUGGCAUCUACGGGGAUGGUGCUCUCCCAAUUCUCCAUUUACCGCCGAAUCGACCCCAACGUGAGAGGGGUCGGUUCCCCGAGCAUAGACCAAUAUCCCAGGUUUAUGCUCCCCAACGCUGGACGAACUACCUACGUCUAGCGUUCCGGCAAAUGAGUCAAUACCUCAGACUUAUUUGCGGUGCCUGAGCCUAAACUGAACAUGGGUUCAGGCAUCUUGGCUCCAGUUCGCUGGAGCCGACGGUAGCGCUGCGUUCGCGCAGUGCUAGGGAGCAUCCGUUUUCGAGCGGAUGCUGGGCGGUUGCCUGUUCGCAGGCAAUCGGGCCUACUCAUGAUUCGUCAUGAGUGGUGACAGCGUGAUGUUCGCAUUACGCUGUCGGGUAGAUGGAGAAUU
7PTL,1,1,4.9,B,GGGAGAGUACUAUUCAGAUGCAGACCGCAAGUUCAGAGCGGUUUGCAUCUAGGGUACGUUUUCGAACGUAUCCUCCGACUAAGUGUAUUCGUAUACUUAGUGCCUUGUGCCUGCUUCGGCAGGCAUGACCCAAAUGUGCCUUUCGGGGCACAUUUCCGGUCAUCCAAGUUCGCUUGGGUGAUGCGGGCGUAUAGGUUCGUCUAUACGUCCGCGUUUUCCGAGAAGAGGUAACUCGGGAAACCGGUCCACGUGACAAAGGUAGAGUUACGUGGAGGGAGCAGCUGCAAAGGGAUAAUGCAGUUGCUGGCUGGAUGCCAGAACUCACGACUGGCAUCUACGGGGAUGGUGCUCUCCCAAUUCUCCAUUUACCGCCGAAUCGACCCCAACGUGAGAGGGGUCGGUUCCCCGAGCAUAGACCAAUAUCCCAGGUUUAUGCUCCCCAACGCUGGACGAACUACCUACGUCUAGCGUUCCGGCAAAUGAGUCAAUACCUCAGACUUAUUUGCGGUGCCUGAGCCUAAACUGAACAUGGGUUCAGGCAUCUUGGCUCCAGUUCGCUGGAGCCGACGGUAGCGCUGCGUUCGCGCAGUGCUAGGGAGCAUCCGUUUUCGAGCGGAUGCUGGGCGGUUGCCUGUUCGCAGGCAAUCGGGCCUACUCAUGAUUCGUCAUGAGUGGUGACAGCGUGAUGUUCGCAUUACGCUGUCGGGUAGAUGGAGAAUU
7PTQ,1,1,4.08,C,GGAAUUAGAGUGUGUUCCUGAACUGCUUCGGCGGUUCGCUACGUUCUUCGGAAUGUAUAUAGUGUUCGCAUUAUACCGUAGUCCAAGCCGUGUGGUUCGCCGCACGUCGUUCGUUCGCGGACGAGCAGGUGCCAUAACCUCCAAAUGGUACCUGCGCGUGUUGUCAGCAAGGUCUAAGCUGAUAACACUAUGCUAACGACUGAAGCAUAUUGGAUUACGGGCCAAGGGCAGCUAAGAUCGGAAGCUGUCCUUGAGGAACGCACUCUGAUUCCCCUCCGGAAGGAGCCCCACAGGUAAUAAACCGAUCAUAUUACUUGUGCACUCGCAACAGUCGAGCGGGUGGUAAUGAUUGCGCCCGUUGGCUAGAAUAGACCACUAGCUAACGGCGGGUCUUGGAUCAAUGGAGGAGAUCCAGGACCCGACCCGGACUUCGGUUCGGGUGCGGCCUUAGUUCGCUGAGGCCCGUCGCAUUCGUGUGACGGUGGUUAUUGCGGUCAAGGUUUCGACUUUGAGUAUUCCUUCGGGGAUACGCUUCUUCUGGAGG
7PTS,1,1,5.71,A,GGAACUUAUUCAUUAUACCCCUCAUUUUCGAGUGAGGCGGAUUAGAUUCGUCUGAUCGUAGUGGUGGUGGCUUGCUUCGGCGAGCCCGGCAGGCCUUCGGGCUUGCUCAGGGGUUCGCUCCUGAGAUUAUCAUCCAACCUCCAAGGAUGGUAAUCCGGCGUCGAUUGUAAGGUCUAAACAAUUGACGCACCACUACUACAGUCCCAACGACUGAGGGACUCGUCGACUCGGUUAAGAUCGGAAACCGGGUCGAGGUAUAGUGAAUGAGUUCCAAUUCUCCAUUUACGGCAUCUUGUGCGAACCGAUCACGCACGAGAUGGUCCUUACGGGGUGUCCCAACAGUCGAGGGGCACGCAGGAUGCCUAGAAUAGACCACUAGGUAUCCUCAGUGCGCCAUGCAAUGGAGGAGCAUGGUGCACUGCAGGGCUCCUGAAAAGGAGUCCUGGCAGAAGGGUUCGCCUUUCUCCCGUAGGGACGACUUUCUUUGAAAAAAGGAAGUCCCAGUUUGCUUCGGCGAACUCCGACUCUAGGAAACUAGGGUCGGGUAGAUGGAGAAUU
7Q48,20,1,,A,GGGCCAUUGGGUGGGAUCUGGG
7Q6L,20,1,,A,GGGCCAUAGGGUGGGAUCUGGG
7Q7X,1,3,2.8,A B C,CCACUGAGAGCUUC GGAAGCUCUGACCGACCCCCAGCC GCUGGGACAACUAGACAUACAGUG
7Q7Y,1,3,2.9,A B C,CCACUGAGAGUUUC GGAAGCUCUGACCGACCCCCAGCC GCUGGGACAACUAGACAUACAGUG
7Q7Z,1,3,3.26,A D B E C F,CCACUGXGAGCUUC CCACUGXGAGCUUC GGAAGCUCUGACCGACCCCCAGCC GGAAGCUCUGACCGACCCCCAGCC GCUGGGACAACUAGACAUACAGUG GCUGGGACAACUAGACAUACAGUG
7Q80,1,3,3.14,A D B E C F,CCACUGAGAGCUUC CCACUGAGAGCUUC GGAAGCUCUGACCGACCCCCAGCC GGAAGCUCUGACCGACCCCCAGCC GCUGGGACAACUAGACAUACAGUG GCUGGGACAACUAGACAUACAGUG
7Q81,1,3,2.85,A B C,CCACUGAGAGUUUC GGAAGCUCUGACCGACCCCCAGCC GCUGGGACAACUAGACAUACAGUG
7Q82,1,3,2.95,A B C,CCACUGAGAGCUUC GGAAGCUCUGACCGACCCCCAGCC GCUGGGACAACUAGACAUACAGUG
7QA2,20,1,,A,GGGCCAUGGGGUGGGAGCUGGG
7QDU,1,1,5.14,Q,GGGCACUUACCCUUUAGUGCGAAGGUUUCGACCUUCGAUCCAUUUGUUCGCAAAUGGGAUGAUCUUCGGAUCAUCCGCGUAGUCUGUUCAGUCGUUUCGACGACUGGCCCCACUUCGGUGGGGCCACGGUACUUAGAAGUGAACACUAAGUGUCGUGAACACCAUUUGGUUAACUGCUCAAACUAAAUGGUGAUGAGGGAAGGAAUGACCCUCAUCGGACUACGCGAUCCGAGUGAUGGGAAUGGCUGACCCAUCGCUCGGCACUGGAGGGUGAGUGCCCCUCAUUCGCAUAAGGGCCGACCCAGACAACAGCCAAGUUUGGGUCGGAGAUGCGAACAUUCCACGCAUCUGAACGGUUGAGAACUUACAAGGGCAAGAGCAGAGUCCUUGUAAGGGCUUUACACGUCAAGUUCACAGACGUGUAAGGCCCGUCGCCCUUCGGGGCGACGUUCACGGCAUUUCGAUGCCGUGCAGCCUGUUCGCAGGCUGCUUGACCGUUCCCCUGCCCUUUCGAGGGCAGACUACUCUUCGGAGUAGUCUUAUGUGAAUGAG
7QP2,1,1,0.9,A,UGCUCCUAGUACGAGAGGACCGGAGUG
7QSH,1,1,0.86,A,UXCUCCUAGUACGAGAGGACCGGAGUG
7QTN,1,2,1.2,A B,GGUAXUGCGGUACC GGUACUGCGXUACC
7QUA,1,1,1.0,A,CGCGXAUUAGCG
7R6N,1,1,4.1,A,UGGAGGGAAAAGUUAUCAGGCAUGCACCUGGUAGCUAGUCUUUAAACCAAUAGAUUGCAUCGGUUUAAAAGGCAAGACCGUCAAAUUGCGGGAAAGGGGUCAACAGCCGUUCAGUACCAAGUCUCAGGGGAAACUUUGAGAUGGCCUUGCAAAGGGUAUGGUAAUAAGCUGACGGACAUGGUCCUAACCACGCAGCCAAGUCCUAAGUCAACAGGAUGGUUCUGUUGAUAUGGAUGCAGUUCACAGACUAAAUGUCGGUCGGGGAAGAUGUAUUCUUCUCAUAAGAUAUAGUCGGACCUCUCCUUAAUGGGAGCUAGCGGAUGAAGUGAUGCAACACUGGAGCCGCUGGGAACUAAUCAGUGAACCAUCCACUGAUUAGUUUUGGAGUACUCG
7RWR,10,1,,A,GGAUACACAAGAGUGAUUGAAACUAAGUCUGUGUAUCC
7REX,1,1,2.6,A B C,UGUGGUUCGCAACCAUCCCACAUAAAAAAACUAG UGUGGUUCGCAACCAUCCCACAUAAAAAAACUAG UGUGGUUCGCAACCAUCCCACAUAAAAAAACUAG
7SAM,1,1,4.3,A,GGCGUGGUUGACACGCAGACCUCUUACAAGAGUGUCUAGGUGCCUUUGAGAGUUACUCUUUGCUCUCUUCGGAAGAACCCUUAGGGGUUCGUGCAUGGGCUUGCAUAGCAAGUCUUAGAAUGCGGGUACCGUACAGUGUUGAAAAACACUGUAAAUCUCUAAAAGAGACCA
7SHX,1,1,,A,GGACCCAUAACCCACCUAGACCCUAGCUUCGGCUAGAGGGUCAACGCGAAAGCGAGGCCGGGUGGGCGGGUACGUCCGCCCUGGGGAGGGGUCC
7SXP,1,1,2.9,A,UGUGGGAUGGGCGGGUCUGGGA
7TD7,1,1,2.95,A,GCGACUCGGGGUGCCCUUCUGCGUGAAGGCUGAGAAAUACCCGUAUCACCUGAUCUGGAUAAUGCCAGCGUAGGGAAGUCGCA
7TDA,1,1,2.25,A,GCGACUCGGGGUGCCCUUCUGCGUGAAGGCUGAGAAAUACCCGUAUCACCUGAUCUGGAUAAUGCCAGCGUAGGGAAGUCGCA
7TDB,1,1,2.56,A,GCGACUCGGGGUGCCCUUCUGCGUGAAGGCUGAGAAAUACCCGUAUCACCUGAUCUGGAUAAUGCCAGCGUAGGGAAGUCGCA
7TDC,1,1,2.46,A,GCGACUCGGGGUGCCCUUCUGCGUGAAGGCUGAGAAAUACCCGUAUCACCUGAUCUGGAUAAUGCCAGCGUAGGGAAGUCGCA
7TZR,1,1,2.7,X Y,GGACUCGGGGUGCCCUUCUGCGUGAAGGCUGAGAAAUACCCGUAUCACCUGAUCUGGAUAAUGCCAGCGUAGGGAAGUUC GGACUCGGGGUGCCCUUCUGCGUGAAGGCUGAGAAAUACCCGUAUCACCUGAUCUGGAUAAUGCCAGCGUAGGGAAGUUC
7TZS,1,1,2.21,X Y,GGACUCGGGGUGCCCUUCUGCGUGAAGGCUGAGAAAUACCCGUAUCACCUGAUCUGGAUAAUGCCAGCGUAGGGAAGUUC GGACUCGGGGUGCCCUUCUGCGUGAAGGCUGAGAAAUACCCGUAUCACCUGAUCUGGAUAAUGCCAGCGUAGGGAAGUUC
7TZT,1,1,2.96,A,GCGACUCGGGGUGCCCUUCUGCGUGAAGGCUGAGAAAUACCCGUAUCACCUGAUCUGGAUAAUGCCAGCGUAGGGAAGUCGCA
7TZU,1,1,2.87,A,GCGACUCGGGGUGCCCUUCUGCGUGAAGGCUGAGAAAUACCCGUAUCACCUGAUCUGGAUAAUGCCAGCGUAGGGAAGUCGCA
7U4A,1,1,3.15,A,GGGUCAGGCCGGCGAAAGUCGCCACAGUUUGGGGAAAGCUGUGCAGCCUGUAACUCUCCCACGAAAGUGGGU
7U87,1,1,1.701,A B,NNNGACUUAAGUCGG NNNGACUUAAGUCGG
7U88,1,1,2.14,A B,NNNGACUUAAGUCGG NNNGACUUAAGUCGG
7U89,1,1,1.65,A B,NNNGACUUAAGUCGG NNNGACUUAAGUCGG
7U8A,1,1,2.1,A B,NNNGACUUAAGUCGG NNNGACUUAAGUCGG
7U8B,1,1,1.73,A B,UNNGACUUAAGUCGG UNNGACUUAAGUCGG
7UCR,1,1,1.0,A,UGCUCCUAGUACGAGAGGACCGGAGUG
7UGA,20,1,,A,GGGUGUAGAAAAGUAAGGGAAACUCAAACCCCUUUCUACACCC
7UMC,10,1,,A,GGAGUGGUUAGUCUACGUGGACCGACAAGACUUCGGUCGAAUCGGAAGGAAACUUAACGUAGUUCUAACC
7UMD,10,1,,A,GGACGUGGACCGACUUCGGUCGGAAGGAAACUUAACGUCC
7UME,10,1,,A,GGCCGACAAGAACAGUUUCGAAUCGGCC
7UQ6,1,1,2.951,B,GCGGAAGUAGUUCAGUGGUAGAACACCGGGUGGAACCCCAGGAAACUGGCCCGGGUCGCGCGGGUUCGAGUCCCGUCUUCCGCUCC
7UR5,1,1,2.6,v y w,GGAGGGGAACUUCUAUCUGGUGAUAGACGGGAACUCUAAAUUCCUUGAAAUGCCUCGCCGCAUUGGGUUCGAUUCCCUUCCCCUCCGCCA GGAGGGGAACUUCUAUCUGGUGAUAGACGGGAACUCUAAAUUCCUUGAAAUGCCUCGCCGCAUUGGGUUCGAUUCCCUUCCCCUCCGCCA GGAGGGGAACUUCUAUCUGGUGAUAGACGGGAACUCUAAAUUCCUUGAAAUGCCUCGCCGCAUUGGGUUCGAUUCCCUUCCCCUCCGCCA
7URI,1,1,2.6,y,GGAGGGGAAAUUCUAUCUGGUGAUAGACGGGAACUCUAAAUUCCUUGAAAUGCCUCGCCGCAUUGGGUUCGAUUCCCUUCCCCUCCGCCA
7URM,1,1,3.0,v,GGAGGGGAAAUUCUAUCUGGUGAUAGACGGGAACUCUAAAUUCCUUGAAAUGCCUCGCCGCAUUGGGUUCGAUUCCCUUCCCCUCCGCCA
7UVT,1,1,3.9,A,GGAGGGAAAAGUUAUCAGGCAUGCACCUGGUAGCUAGUCUUUAAACCAAUAGAUUGCAUCGGUUUAAAAGGCAAGACCGUCAAAUUGCGGGAAAGGGGUCAACAGCCGUUCAGUACCAAGUCUCAGGGGAAACUUUGAGAUGGCCUUGCAAAGGGUAUGGUAAUAAGCUGACGGACAUGGUCCUAACCACGCAGCCAAGUCCUAAGUCAACAGAUCUUCUGUUGAUAUGGAUGCAGUUCACAGACUAAAUGUCGGUCGGGGAAGAUGUAUUCUUCUCAUAAGAUAUAGUCGGACCUCUCCUUAAUGGGAGCUAGCGGAUGAAGUGAUGCAACACUGGAGCCGCUGGGAACUAAUUUGUAUGCGAAAGUAUAUUGAUUAGUUUUGGAG
7UZ0,1,1,3.03,A,GCGGAAGUAGUUCAGUGGUAGAACACCUACUGGCCCGAAAGGGUGGAACCCCAGUAGGGGGUCGCGGGUUCGAGUCCCGUCUUCCGC
7V06,10,1,,A,GGUGCUGUUUAUCCAUUUCAGAAUUGGGUGUCGACAUAGCACC
7V9E,1,1,2.3,A,CGGGCUGACCGACCCCCCGAGUUCGCUCGGGGACAACUAGACAUACAGUAUGAAAAUACUGAGCCCGC
7VFT,1,1,1.45,A,GGGCCAGCAGCAGCAGCAGGUCC
7VNV,1,1,1.9,A B,GGGCCNGUCGUCUAXCCUGGUUAGGACGCCGCCCUUACAAGGCGGAGGXCCUGGGUUCGAGUCCCAGCGGGCCCACCA GGGCCNGUCGUCUAXCCUGGUUAGGACGCCGCCCUUACAAGGCGGAGGXCCUGGGUUCGAGUCCCAGCGGGCCCACCA
7VNW,1,1,2.61,A B,GGGCCNGUCGUCUAXCCUGGUUAGGACGCCGCCCUUACAAGGCGGAGGUCCUGGGUUCGAGUCCCAGCGGGCCCACCA GGGCCNGUCGUCUAXCCUGGUUAGGACGCCGCCCUUACAAGGCGGAGGUCCUGGGUUCGAGUCCCAGCGGGCCCACCA
7WI9,1,1,2.98,V,GGCGUGGUCCGUUCAACUCGUUCCUCGAAAGAGGAACUACGGGAGACGCC
7WIA,1,1,3.22,V,GGCGUGGUCCGUUCAAGUCGUUCCUCGAAAGAGGAACUACGGGAGACGCC
7WIB,1,1,2.83,V,GGCGUGGUCCGUUCAACUCGUUCCUCGAAAGAGGAACUACGGGAGACGCC
7WIE,1,1,2.9,V,GGCGUGGUCCGUUCAACUCGUUCCUCGAAAGAGGAACUACGGGAGACGCC
7WIF,1,1,2.86,V,GGCGUGGUCCGUUCAACUCGUUCCUCGAAAGAGGAACUACGGGAGACGCC
7WII,1,1,2.75,V,GGCGUGGUCCGUUCAACUCGUUCCUCGAAAGAGGAACUACGGGAGACGCC
7XD3,1,1,4.05,N,CUCUCUAAAUAGCAAUAUUUACCUUUGGAGGGAAAAGUUAUCAGGCAUGCACCUGGUAGCUAGUCUUUAAACCAAUAGAUUGCAUCGGUUUAAAAGGCAAGACCGUCAAAUUGCGGGAAAGGGGUCAACAGCCGUUCAGUACCAAGUCUCAGGGGAAACUUUGAGAUGGCCUUGCAAAGGGUAUGGUAAUAAGCUGACGGACAUGGUCCUAACCACGCAGCCAAGUCCUAAGUCAACAGAUCUUCUGUUGAUAUGGAUGCAGUUCACAGACUAAAUGUCGGUCGGGGAAGAUGUAUUCUUCUCAUAAGAUAUAGUCGGACCUCUCCUUAAUGGGAGCUAGCGGAUGAAGUGAUGCAACACUGGAGCCGCUGGGAACUAAUUUGUAUGCGAAAGUAUAUUGAUUAGUUUUGGAGUACUCGUAAGGUA
7XD4,1,1,3.89,N,CUCUCUAAAUAGCAAUAUUUACCUUUGGAGGGAAAAGUUAUCAGGCAUGCACCUGGUAGCUAGUCUUUAAACCAAUAGAUUGCAUCGGUUUAAAAGGCAAGACCGUCAAAUUGCGGGAAAGGGGUCAACAGCCGUUCAGUACCAAGUCUCAGGGGAAACUUUGAGAUGGCCUUGCAAAGGGUAUGGUAAUAAGCUGACGGACAUGGUCCUAACCACGCAGCCAAGUCCUAAGUCAACAGAUCUUCUGUUGAUAUGGAUGCAGUUCACAGACUAAAUGUCGGUCGGGGAAGAUGUAUUCUUCUCAUAAGAUAUAGUCGGACCUCUCCUUAAUGGGAGCUAGCGGAUGAAGUGAUGCAACACUGGAGCCGCUGGGAACUAAUUUGUAUGCGAAAGUAUAUUGAUUAGUUUUGGAGUACUCGUAAG
7XD5,1,2,2.84,N A,UUUGGAGGGAAAAGUUAUCAGGCAUGCACCUGGUAGCUAGUCUUUAAACCAAUAGAUUGCAUCGGUUUAAAAGGCAAGACCGUCAAAUUGCGGGAAAGGGGUCAACAGCCGUUCAGUACCAAGUCUCAGGGGAAACUUUGAGAUGGCCUUGCAAAGGGUAUGGUAAUAAGCUGACGGACAUGGUCCUAACCACGCAGCCAAGUCCUAAGUCAACAGAUCUUCUGUUGAUAUGGAUGCAGUUCACAGACUAAAUGUCGGUCGGGGAAGAUGUAUUCUUCUCAUAAGAUAUAGUCGGACCUCUCCUUAAUGGGAGCUAGCGGAUGAAGUGAUGCAACACUGGAGCCGCUGGGAACUAAUUUGUAUGCGAAAGUAUAUUGAUUAGUUUUGGAGUACUCGUAAG CUCUCU
7XD6,1,2,2.84,N A,AUAGCAAUAUUUACCUUUGGAGGGAAAAGUUAUCAGGCAUGCACCUGGUAGCUAGUCUUUAAACCAAUAGAUUGCAUCGGUUUAAAAGGCAAGACCGUCAAAUUGCGGGAAAGGGGUCAACAGCCGUUCAGUACCAAGUCUCAGGGGAAACUUUGAGAUGGCCUUGCAAAGGGUAUGGUAAUAAGCUGACGGACAUGGUCCUAACCACGCAGCCAAGUCCUAAGUCAACAGAUCUUCUGUUGAUAUGGAUGCAGUUCACAGACUAAAUGUCGGUCGGGGAAGAUGUAUUCUUCUCAUAAGAUAUAGUCGGACCUCUCCUUAAUGGGAGCUAGCGGAUGAAGUGAUGCAACACUGGAGCCGCUGGGAACUAAUUUGUAUGCGAAAGUAUAUUGAUUAGUUUUGGAGUACUCGUAAGGUAGCCAAAUGCCUCGUCA ACGGCGGGAGUAACUAUGACUCUCU
7XD7,1,1,3.02,N,AUAUUUACCUUUGGAGGGAAAAGUUAUCAGGCAUGCACCUGGUAGCUAGUCUUUAAACCAAUAGAUUGCAUCGGUUUAAAAGGCAAGACCGUCAAAUUGCGGGAAAGGGGUCAACAGCCGUUCAGUACCAAGUCUCAGGGGAAACUUUGAGAUGGCCUUGCAAAGGGUAUGGUAAUAAGCUGACGGACAUGGUCCUAACCACGCAGCCAAGUCCUAAGUCAACAGAUCUUCUGUUGAUAUGGAUGCAGUUCACAGACUAAAUGUCGGUCGGGGAAGAUGUAUUCUUCUCAUAAGAUAUAGUCGGACCUCUCCUUAAUGGGAGCUAGCGGAUGAAGUGAUGCAACACUGGAGCCGCUGGGAACUAAUUUGUAUGCGAAAGUAUAUUGAUUAGUUUUGGAGUACUCG
7XSK,1,1,3.53,N,GGAGGGAAAAGUUAUCAGGCAUGCACCUGGUAGCUAGUCUUUAAACCAAUAGAUUGCAUCGGUUUAAAAGGCAAGACCGUCAAAUUGCGGGAAAGGGGUCAACAGCCGUUCAGUACCAAGUCUCAGGGGAAACUUUGAGAUGGCCUUGCAAAGGGUAUGGUAAUAAGCUGACGGACAUGGUCCUAACCACGCAGCCAAGUCCUAAGUCAACAGAUCUUCUGUUGAUAUGGAUGCAGUUCACAGACUAAAUGUCGGUCGGGGAAGAUGUAUUCUUCUCAUAAGAUAUAGUCGGACCUCUCCUUAAUGGGAGCUAGCGGAUGAAGUGAUGCAACACUGGAGCCGCUGGGAACUAAUUUGUAUGCGAAAGUAUAUUGAUUAGUUUUGGAGU
7XSL,1,1,3.84,N,GGAGGGAAAAGUUAUCAGGCAUGCACCUGGUAGCUAGUCUUUAAACCAAUAGAUUGCAUCGGUUUAAAAGGCAAGACCGUCAAAUUGCGGGAAAGGGGUCAACAGCCGUUCAGUACCAAGUCUCAGGGGAAACUUUGAGAUGGCCUUGCAAAGGGUAUGGUAAUAAGCUGACGGACAUGGUCCUAACCACGCAGCCAAGUCCUAAGUCAACAGAUCUUCUGUUGAUAUGGAUGCAGUUCACAGACUAAAUGUCGGUCGGGGAAGAUGUAUUCUUCUCAUAAGAUAUAGUCGGACCUCUCCUUAAUGGGAGCUAGCGGAUGAAGUGAUGCAACACUGGAGCCGCUGGGAACUAAUUUGUAUGCGAAAGUAUAUUGAUUAGUUUUGGAGU
7XSM,1,1,4.01,N,GGAGGGAAAAGUUAUCAGGCAUGCACCUGGUAGCUAGUCUUUAAACCAAUAGAUUGCAUCGGUUUAAAAGGCAAGACCGUCAAAUUGCGGGAAAGGGGUCAACAGCCGUUCAGUACCAAGUCUCAGGGGAAACUUUGAGAUGGCCUUGCAAAGGGUAUGGUAAUAAGCUGACGGACAUGGUCCUAACCACGCAGCCAAGUCCUAAGUCAACAGAUCUUCUGUUGAUAUGGAUGCAGUUCACAGACUAAAUGUCGGUCGGGGAAGAUGUAUUCUUCUCAUAAGAUAUAGUCGGACCUCUCCUUAAUGGGAGCUAGCGGAUGAAGUGAUGCAACACUGGAGCCGCUGGGAACUAAUUUGUAUGCGAAAGUAUAUUGAUUAGUUUUGGAGU
7XSN,1,1,3.01,N,GGAGGGAAAAGUUAUCAGGCAUGCACCUGGUAGCUAGUCUUUAAACCAAUAGAUUGCAUCGGUUUAAAAGGCAAGACCGUCAAAUUGCGGGAAAGGGGUCAACAGCCGUUCAGUACCAAGUCUCAGGGGAAACUUUGAGAUGGCCUUGCAAAGGGUAUGGUAAUAAGCUGACGGACAUGGUCCUAACCACGCAGCCAAGUCCUAAGUCAACAGAUCUUCUGUUGAUAUGGAUGCAGUUCACAGACUAAAUGUCGGUCGGGGAAGAUGUAUUCUUCUCAUAAGAUAUAGUCGGACCUCUCCUUAAUGGGAGCUAGCGGAUGAAGUGAUGCAACACUGGAGCCGCUGGGAACUAAUUUGUAUGCGAAAGUAUAUUGAUUAGUUUUGGAGU
7Y2B,1,1,1.88,S,UUCUGCUGCUGAA
7Y2P,1,2,1.58,A B,UUCUGCUGCUGAA UUCUGCAGCUGAA
7Y8P,1,1,1.5,A B,GGAXXXGAGUCC GGAXXXGAGUCC
7YC8,1,1,4.14,N,GGUUUGGAGGGAAAAGUUAUCAGGCAUGCACCUGGUAGCUAGUCUUUAAACCAAUAGAUUGCAUCGGUUUAAAAGGCAAGACCGUCAAAUUGCGGGAAAGGGGUCAACAGCCGUUCAGUACCAAGUCUCAGGGGAAACUUUGAGAUGGCCUUGCAAAGGGUAUGGUAAUAAGCUGACGGACAUGGUCCUAACCACGCAGCCAAGUCCUAAGUCAACAGAUCUUCUGUUGAUAUGGAUGCAGUUCACAGACUAAAUGUCGGUCGGGGAAGAUGUAUUCUUCUCAUAAGAUAUAGUCGGACCUCUCCUUAAUGGGAGCUAGCGGAUGAAGUGAUGCAACACUGGAGCCGCUGGGAACUAAUUUGUAUGCGAAAGUAUAUUGAUUAGUUUUGGAGU
7YCG,1,2,3.18,B N,CCCUCUAAACC GGUUUGGAGGGAAAAGUUAUCAGGCAUGCACCUGGUAGCUAGUCUUUAAACCAAUAGAUUGCAUCGGUUUAAAAGGCAAGACCGUCAAAUUGCGGGAAAGGGGUCAACAGCCGUUCAGUACCAAGUCUCAGGGGAAACUUUGAGAUGGCCUUGCAAAGGGUAUGGUAAUAAGCUGACGGACAUGGUCCUAACCACGCAGCCAAGUCCUAAGUCAACAGAUCUUCUGUUGAUAUGGAUGCAGUUCACAGACUAAAUGUCGGUCGGGGAAGAUGUAUUCUUCUCAUAAGAUAUAGUCGGACCUCUCCUUAAUGGGAGCUAGCGGAUGAAGUGAUGCAACACUGGAGCCGCUGGGAACUAAUUUGUAUGCGAAAGUAUAUUGAUUAGUUUUGGAGU
7YCH,1,2,3.09,B N,CCCUCUAAACC GGUUUGGAGGGAAAAGUUAUCAGGCAUGCACCUGGUAGCUAGUCUUUAAACCAAUAGAUUGCAUCGGUUUAAAAGGCAAGACCGUCAAAUUGCGGGAAAGGGGUCAACAGCCGUUCAGUACCAAGUCUCAGGGGAAACUUUGAGAUGGCCUUGCAAAGGGUAUGGUAAUAAGCUGACGGACAUGGUCCUAACCACGCAGCCAAGUCCUAAGUCAACAGAUCUUCUGUUGAUAUGGAUGCAGUUCACAGACUAAAUGUCGGUCGGGGAAGAUGUAUUCUUCUCAUAAGAUAUAGUCGGACCUCUCCUUAAUGGGAGCUAGCGGAUGAAGUGAUGCAACACUGGAGCCGCUGGGAACUAAUUUGUAUGCGAAAGUAUAUUGAUUAGUUUUGGAGU
7YCI,1,2,2.98,B N,CCCUCU GGUUUGGAGGGAAAAGUUAUCAGGCAUGCACCUGGUAGCUAGUCUUUAAACCAAUAGAUUGCAUCGGUUUAAAAGGCAAGACCGUCAAAUUGCGGGAAAGGGGUCAACAGCCGUUCAGUACCAAGUCUCAGGGGAAACUUUGAGAUGGCCUUGCAAAGGGUAUGGUAAUAAGCUGACGGACAUGGUCCUAACCACGCAGCCAAGUCCUAAGUCAACAGAUCUUCUGUUGAUAUGGAUGCAGUUCACAGACUAAAUGUCGGUCGGGGAAGAUGUAUUCUUCUCAUAAGAUAUAGUCGGACCUCUCCUUAAUGGGAGCUAGCGGAUGAAGUGAUGCAACACUGGAGCCGCUGGGAACUAAUUUGUAUGCGAAAGUAUAUUGAUUAGUUUUGGAGU
7YG8,1,3,2.97,A B N,UCG CCCUCU GGUUUGGAGGGAAAAGUUAUCAGGCAUGCACCUGGUAGCUAGUCUUUAAACCAAUAGAUUGCAUCGGUUUAAAAGGCAAGACCGUCAAAUUGCGGGAAAGGGGUCAACAGCCGUUCAGUACCAAGUCUCAGGGGAAACUUUGAGAUGGCCUUGCAAAGGGUAUGGUAAUAAGCUGACGGACAUGGUCCUAACCACGCAGCCAAGUCCUAAGUCAACAGAUCUUCUGUUGAUAUGGAUGCAGUUCACAGACUAAAUGUCGGUCGGGGAAGAUGUAUUCUUCUCAUAAGAUAUAGUCGGACCUCUCCUUAAUGGGAGCUAGCGGAUGAAGUGAUGCAACACUGGAGCCGCUGGGAACUAAUUUGUAUGCGAAAGUAUAUUGAUUAGUUUUGGAGU
7YG9,1,3,2.68,A B N,UCGUAACC CCCUCU GGUUUGGAGGGAAAAGUUAUCAGGCAUGCACCUGGUAGCUAGUCUUUAAACCAAUAGAUUGCAUCGGUUUAAAAGGCAAGACCGUCAAAUUGCGGGAAAGGGGUCAACAGCCGUUCAGUACCAAGUCUCAGGGGAAACUUUGAGAUGGCCUUGCAAAGGGUAUGGUAAUAAGCUGACGGACAUGGUCCUAACCACGCAGCCAAGUCCUAAGUCAACAGAUCUUCUGUUGAUAUGGAUGCAGUUCACAGACUAAAUGUCGGUCGGGGAAGAUGUAUUCUUCUCAUAAGAUAUAGUCGGACCUCUCCUUAAUGGGAGCUAGCGGAUGAAGUGAUGCAACACUGGAGCCGCUGGGAACUAAUUUGUAUGCGAAAGUAUAUUGAUUAGUUUUGGAGU
7YGA,1,3,2.35,A B N,UCGUAACC CCCUCU GGUUUGGAGGGAAAAGUUAUCAGGCAUGCACCUGGUAGCUAGUCUUUAAACCAAUAGAUUGCAUCGGUUUAAAAGGCAAGACCGUCAAAUUGCGGGAAAGGGGUCAACAGCCGUUCAGUACCAAGUCUCAGGGGAAACUUUGAGAUGGCCUUGCAAAGGGUAUGGUAAUAAGCUGACGGACAUGGUCCUAACCACGCAGCCAAGUCCUAAGUCAACAGAUCUUCUGUUGAUAUGGAUGCAGUUCACAGACUAAAUGUCGGUCGGGGAAGAUGUAUUCUUCUCAUAAGAUAUAGUCGGACCUCUCCUUAAUGGGAGCUAGCGGAUGAAGUGAUGCAACACUGGAGCCGCUGGGAACUAAUUUGUAUGCGAAAGUAUAUUGAUUAGUUUUGGAGU
7YGB,1,3,2.62,B N A,CCCUCUUAACC GGUUUGGAGGGAAAAGUUAUCAGGCAUGCACCUGGUAGCUAGUCUUUAAACCAAUAGAUUGCAUCGGUUUAAAAGGCAAGACCGUCAAAUUGCGGGAAAGGGGUCAACAGCCGUUCAGUACCAAGUCUCAGGGGAAACUUUGAGAUGGCCUUGCAAAGGGUAUGGUAAUAAGCUGACGGACAUGGUCCUAACCACGCAGCCAAGUCCUAAGUCAACAGAUCUUCUGUUGAUAUGGAUGCAGUUCACAGACUAAAUGUCGGUCGGGGAAGAUGUAUUCUUCUCAUAAGAUAUAGUCGGACCUCUCCUUAAUGGGAGCUAGCGGAUGAAGUGAUGCAACACUGGAGCCGCUGGGAACUAAUUUGUAUGCGAAAGUAUAUUGAUUAGUUUUGGAGU UCG
7YGC,1,3,2.65,A B N,UCG CCCUCUUAACC GGUUUGGAGGGAAAAGUUAUCAGGCAUGCACCUGGUAGCUAGUCUUUAAACCAAUAGAUUGCAUCGGUUUAAAAGGCAAGACCGUCAAAUUGCGGGAAAGGGGUCAACAGCCGUUCAGUACCAAGUCUCAGGGGAAACUUUGAGAUGGCCUUGCAAAGGGUAUGGUAAUAAGCUGACGGACAUGGUCCUAACCACGCAGCCAAGUCCUAAGUCAACAGAUCUUCUGUUGAUAUGGAUGCAGUUCACAGACUAAAUGUCGGUCGGGGAAGAUGUAUUCUUCUCAUAAGAUAUAGUCGGACCUCUCCUUAAUGGGAGCUAGCGGAUGAAGUGAUGCAACACUGGAGCCGCUGGGAACUAAUUUGUAUGCGAAAGUAUAUUGAUUAGUUUUGGAGU
7YGD,1,3,3.41,A B N,UCG CCCUCU GGUUUGGAGGGAAAAGUUAUCAGGCAUGCACCUGGUAGCUAGUCUUUAAACCAAUAGAUUGCAUCGGUUUAAAAGGCAAGACCGUCAAAUUGCGGGAAAGGGGUCAACAGCCGUUCAGUACCAAGUCUCAGGGGAAACUUUGAGAUGGCCUUGCAAAGGGUAUGGUAAUAAGCUGACGGACAUGGUCCUAACCACGCAGCCAAGUCCUAAGUCAACAGAUCUUCUGUUGAUAUGGAUGCAGUUCACAGACUAAAUGUCGGUCGGGGAAGAUGUAUUCUUCUCAUAAGAUAUAGUCGGACCUCUCCUUAAUGGGAGCUAGCGGAUGAAGUGAUGCAACACUGGAGCCGCUGGGAACUAAUUUGUAUGCGAAAGUAUAUUGAUUAGUUUUGGAGU
7ZFW,1,1,3.8,L5,CGCGACCUCAGAUCAGACGUGGCGACCCGCUGAAUUUAAGCAUAUUAGUCAGCGGAGGAGAAGAAACUAACCAGGAUUCCCUCAGUAACGGCGAGUGAACAGGGAAGAGCCCAGCGCCGAAUCCCCGCCCCGCGGCGGGGCGCGGGACAUGUGGCGUACGGAAGACCCGCUCCCCGGCGCCGCUCGUGGGGGGCCCAAGUCCUUCUGAUCGAGGCCCAGCCCGUGGACGGUGUGAGGCCGGUAGCGGCCCCCGGCGCGCCGGGCCCGGGUCUUCCCGGAGUCGGGUUGCUUGGGAAUGCAGCCCAAAGCGGGUGGUAAACUCCAUCUAAGGCUAAAUACCGGCACGAGACCGAUAGUCAACAAGUACCGUAAGGGAAAGUUGAAAAGAACUUUGAAGAGAGAGUUCAAGAGGGCGUGAAACCGUUAAGAGGUAAACGGGUGGGGUCCGCGCAGUCCGCCCGGAGGAUUCAACCCGGCGGCGGGUCCGGCCGUGUCGGCGGCCCGGCGGAUCUUUCCCGCGCGGGGGACCGUCCCCCGACCGGCGACCGGCCGCCGCCGGGCGCAUUUCCACCGCGGCGGUGCGCCGCGACCGGCUCCGGGACGGCUGGGGAAGGCCCGGCGGGGAAGGUGGCUCGGGGGCCCCCGAGUGUUACAGCCCCCCCGGCAGCAGCACUCGCCGAAUCCCGGGGCCGAGGGAGCGAGACCCGUCGCCGCGCUCUCCCCCCUCCCGGCGCGCCGGGGGGGGCCGGGCCACCCCUCCCACGGCGCGACCGCUCGGGGCGGACUGUCCCCAGUGCGCCCCGGGCGGGUCGCGCCGUCGGGCCCGGGGGAGGCCACGCGCGCGUCCCCCGAAGAGGGGGACGGCGGAGCGAGCGCACGGGGUCGGCGGCGACGUCGGCUACCCACCCGACCCGUCUUGAAACACGGACCAAGGAGUCUAACACGUGCGCGAGUCGGGGGCUCGCACGAAAGCCGCCGUGGCGCAAUGAAGGUGAAGGCCGGCGCGCUCGCCGGCCGAGGUGGGAUCCCGAGGCCUCUCCAGUCCGCCGAGGGCGCACCACCGGCCCGUCUCGCCCGCCGCGCCGGGGAGGUGGAGCACGAGCGCACGUGUUAGGACCCGAAAGAUGGUGAACUAUGCCUGGGCAGGGCGAAGCCAGAGGAAACUCUGGUGGAGGUCCGUAGCGGUCCUGACGUGCAAAUCGGUCGUCCGACCUGGGUAUAGGGGCGAAAGACUAAUCGAACCAUCUAGUAGCUGGUUCCCUCCGAAGUUUCCCUCAGGAUAGCUGGCGCUCUCGCAGACCCGACGCCCGCCACGCAGUUUUAUCCGGUAAAGCGAAUGAUUAGAGGUCUUGGGGCCGAAACGAUCUCAACCUAUUCUCAAACUUUAAAUGGGUAAGAAGCCCGGCUCGCUGGCGUGGAGCCGGGCGUGGAAUGCGAGUGCCUAGUGGGCCACUUUUGGUAAGCAGAACUGGCGCUGCGGGAUGAACCGAACGCCGGGUUAAGGCGCCCGAUGCCGACGCUCAUCAGACCCCAGAAAAGGUGUUGGUUGAUAUAGACAGCAGGACGGUGGCCAUGGAAGUCGGAAUCCGCUAAGGAGUGUGUAACAACUCACCUGCCGAAUCAACUAGCCCUGAAAAUGGAUGGCGCUGGAGCGUCGGGCCCAUACCCGGCCGUCGCCGGCAGUCGAGAGUGGACGGGAGCGGCGGGCCGGAGCCCCGCGGACGCUACGCCGCGACGAGUAGGAGGGCCGCUGCGGUGAGCCUUGAAGCCUAGGGCGCGGGCCCGGGUGGAGCCGCCGCAGGUGCAGAUCUUGGUGGUAGUAGCAAAUAUUCAAACGAGAACUUUGAAGGCCGAAGUGGAGAAGGGUUCCAUGUGAACAGCAGUUGAACAUGGGUCAGUCGGUCCUGAGAGAUGGGCGAGCGCCGUUCCGAAGGGACGGGCGAUGGCCUCCGUUGCCCUCGGCCGAUCGAAAGGGAGUCGGGUUCAGAUCCCCGAAUCCGGAGUGGCGGAGAUGGGCGCCGCGAGGCGUCCAGUGCGGUAACGCGACCGAUCCCGGAGAAGCCGGCGGGAGCCCCGGGGAGAGUUCUCUUUUCUUUGUGAAGGGCAGGGCGCCCUGGAAUGGGUUCGCCCCGAGAGAGGGGCCCGUGCCUUGGAAAGCGUCGCGGUUCCGGCGGCGUCCGGUGAGCUCUCGCUGGCCCUUGAAAAUCCGGGGGAGAGGGUGUAAAUCUCGCGCCGGGCCGUACCCAUAUCCGCAGCAGGUCUCCAAGGUGAACAGCCUCUGGCAUGUUGGAACAAUGUAGGUAAGGGAAGUCGGCAAGCCGGAUCCGUAACUUCGGGAUAAGGAUUGGCUCUAAGGGCUGGGUCGGUCGCGGCCGGCGCCUAGCAGCCGACUUAGAACUGGUGCGGACCAGGGGAAUCCGACUGUUUAAUUAAAACAAAGCAUCGCGAAGGCCCGCGGCGGGUGUUGACGCGAUGUGAUUUCUGCCCAGUGCUCUGAAUGUCAAAGUGAAGAAAUUCAAUGAAGCGCGGGUAAACGGCGGGAGUAACUAUGACUCUCUUAAGGUAGCCAAAUGCCUCGUCAUCUAAUUAGUGACGCGCAUGAAUGGAUGAACGAGAUUCCCACUGUCCCUACCUACUAUCCAGCGAAACCACAGCCAAGGGAACGGGCUUGGCGGAAUCAGCGGGGAAAGAAGACCCUGUUGAGCUUGACUCUAGUCUGGCACGGUGAAGAGACAUGAGAGGUGUAGAAUAAGUGGGAGGCCCCCGGCGCCCCCCCGGUGUCCCCGCGAGGGGCCCGGGGCGGGGUCCGCCGGCCCUGCGGGCCGCCGGUGAAAUACCACUACUCUGAUCGUUUUUUCACUGACCCGGUGAGGCGGGGGGGCGAGCCCCGAGGGGCUCUCGCUUCUGGCGCCAAGCGCCCGGCCGCGCGCCGGCCGGGCGCGACCCGCUCCGGGGACAGUGCCAGGUGGGGAGUUUGACUGGGGCGGUACACCUGUCAAACGGUAACGCAGGUGUCCUAAGGCGAGCUCAGGGAGGACAGAAACCUCCCGUGGAGCAGAAGGGCAAAAGCUCGCUUGAUCUUGAUUUUCAGUACGAAUACAGACCGUGAAAGCGGGGCCUCACGAUCCUUCUGACCUUUUGGGUUUUAAGCAGGAGGUGUCAGAAAAGUUACCACAGGGAUAACUGGCUUGUGGCGGCCAAGCGUUCAUAGCGACGUCGCUUUUUGAUCCUUCGAUGUCGGCUCUUCCUAUCAUUGUGAAGCAGAAUUCACCAAGCGUUGGAUUGUUCACCCACUAAUAGGGAACGUGAGCUGGGUUUAGACCGUCGUGAGACAGGUUAGUUUUACCCUACUGAUGAUGUGUUGUUGCCAUGGUAAUCCUGCUCAGUACGAGAGGAACCGCAGGUUCAGACAUUUGGUGUAUGUGCUUGGCUGAGGAGCCAAUGGGGCGAAGCUACCAUCUGUGGGAUUAUGACUGAACGCCUCUAAGUCAGAAUCCCGCCCAGGCGGAACGAUACGGCAGCGCCGCGGAGCCUCGGUUGGCCUCGGAUAGCCGGUCCCCCGCCGGGGUCCGGUGCGGAGUGCCCUUCGUCCUGGGAAACGGGGCGCGGCCGGAGAGGCGGCCGCCCCCUCGCCCGUCACGCACCGCACGUUCGUGGGGAACCUGGCGCUAAACCAUUCGUAGACGACCUGCUUCUGGGUCGGGGUUUCGUACGUAGCAGAGCAGCUCCCUCGCUGCGAUCUAUUGAAAGUCAGCCCUCGACACAAGGGUUUGU
7ZJ4,1,1,4.43,E,GGAUACGUCUACGCUCAGUGACGGACUCUCUUCGGAGAGUCUGACAUCCGAACCAUACACGGAUGUGCCUCGCCGAACAGUCUACGGCGAGCUUAAGCGCUGGGGACGCCCAACGCAUCACAAAGACUGAGUGAUGAACCAGAAGUAUGGACUGGUUGCGUUGGUGGAGACGGUCGGGUCCAGUUCGCUGUCGAGUAGAGUGUGGGCUCCAUCGACGCCGCUUUAAGGUCCCCAAUCGUGGCGUGUCGGCCUGCUUCGGCAGGCACUGGCGCCGGGACCUUGAAGAGAUGAGAUUUCGAUCUCAUCUUUGGGUGUCUCUGGUGCUUGAGGGCCCUGUGUUCGCACAGGGCCGCUCACUGGGUGUGGACGUAUCC
7ZJ5,1,1,4.55,E,GGAUACGUCUACGCUCAGUGACGGACUCUCUUCGGAGAGUCUGACAUCCGAACCAUACACGGAUGUGCCUCGCCGAACAGUCUACGGCGAGCUUAAGCGCUGGGGACGCCCAACGCAUCACAAAGACUGAGUGAUGAACCAGAAGUAUGGACUGGUUGCGUUGGUGGAGACGGUCGGGUCCAGUUCGCUGUCGAGUAGAGUGUGGGCUCCAUCGACGCCGCUUUAAGGUCCCCAAUCGUGGCGUGUCGGCCUGCUUCGGCAGGCACUGGCGCCGGGACCUUGAAGAGAUGAGAUUUCGAUCUCAUCUUUGGGUGUCUCUGGUGCUUGAGGGCCCUGUGUUCGCACAGGGCCGCUCACUGGGUGUGGACGUAUCC
8AMG,1,1,2.26,A B C D E F G H I J K L,AUGUGGCAU AUGUGGCAU AUGUGGCAU AUGUGGCAU AUGUGGCAU AUGUGGCAU AUGUGGCAU AUGUGGCAU AUGUGGCAU AUGUGGCAU AUGUGGCAU AUGUGGCAU
8AMI,1,1,1.79,A B,AUGUGGCAU AUGUGGCAU
8AMJ,1,1,2.02,A B,AUGUGGCAU AUGUGGCAU
8AMK,1,1,2.85,A c B d C D E F G H I J K L M N O P Q R S T U V Y Z a b,AUGUGGCAU AUGUGGCAU AUGUGGCAU AUGUGGCAU AUGUGGCAU AUGUGGCAU AUGUGGCAU AUGUGGCAU AUGUGGCAU AUGUGGCAU AUGUGGCAU AUGUGGCAU AUGUGGCAU AUGUGGCAU AUGUGGCAU AUGUGGCAU AUGUGGCAU AUGUGGCAU AUGUGGCAU AUGUGGCAU AUGUGGCAU AUGUGGCAU AUGUGGCAU AUGUGGCAU AUGUGGCAU AUGUGGCAU AUGUGGCAU AUGUGGCAU
8AML,1,1,2.75,A c B d C D E F G H I J K L M N O P Q R S T U V Y Z a b,AUGUGGCAU AUGUGGCAU AUGUGGCAU AUGUGGCAU AUGUGGCAU AUGUGGCAU AUGUGGCAU AUGUGGCAU AUGUGGCAU AUGUGGCAU AUGUGGCAU AUGUGGCAU AUGUGGCAU AUGUGGCAU AUGUGGCAU AUGUGGCAU AUGUGGCAU AUGUGGCAU AUGUGGCAU AUGUGGCAU AUGUGGCAU AUGUGGCAU AUGUGGCAU AUGUGGCAU AUGUGGCAU AUGUGGCAU AUGUGGCAU AUGUGGCAU
8AMM,1,1,2.86,A c B d C D E F G H I J K L M N O P Q R S T U V Y Z a b,AUGUGGCAU AUGUGGCAU AUGUGGCAU AUGUGGCAU AUGUGGCAU AUGUGGCAU AUGUGGCAU AUGUGGCAU AUGUGGCAU AUGUGGCAU AUGUGGCAU AUGUGGCAU AUGUGGCAU AUGUGGCAU AUGUGGCAU AUGUGGCAU AUGUGGCAU AUGUGGCAU AUGUGGCAU AUGUGGCAU AUGUGGCAU AUGUGGCAU AUGUGGCAU AUGUGGCAU AUGUGGCAU AUGUGGCAU AUGUGGCAU AUGUGGCAU
8AMN,1,1,2.46,A c B d C D E F G H I J K L M N O P Q R S T U V Y Z a b,AUGUGGCAU AUGUGGCAU AUGUGGCAU AUGUGGCAU AUGUGGCAU AUGUGGCAU AUGUGGCAU AUGUGGCAU AUGUGGCAU AUGUGGCAU AUGUGGCAU AUGUGGCAU AUGUGGCAU AUGUGGCAU AUGUGGCAU AUGUGGCAU AUGUGGCAU AUGUGGCAU AUGUGGCAU AUGUGGCAU AUGUGGCAU AUGUGGCAU AUGUGGCAU AUGUGGCAU AUGUGGCAU AUGUGGCAU AUGUGGCAU AUGUGGCAU
8BTZ,1,1,5.39,A,GGAAUAUCGUCAUGGUGAUUCGUCACCAUGAGGCUAGAUCUCAUAUCUAGCGCUUUCGAGCGCUAGAGUCCUUAUCUAGCCGGUUUAUACUUUCGAGUGUGAACCCGAUAUUCCGCGGAUCACUAUGAGUCGUUCGCGGCUCAUAGUCCGGCUCAAAGGACAUCAUGGCCUGUUCGCAGGUUGUGAUUAUGAGUGAGCCGGGUAAGGCAUACCGUUCGCGGUAUGUCUUACGAUCCGC
8BU8,1,1,6.56,A,GUUACUCACCUCUUCGGAGAAAACGGUCCGAGCGUGGUUCGCCACUAAAAUACCGUUUUGGCCUGAAUGUGUCUGGUCCUUCCGCAGCCGUUUGAUGAGUUCGCUCAUCAUAGCGGGCUUACCAAACAGUUCGCUGCCACCGUGCGGAAGCAGUUUCGACUGAUAGAUCACGGUGGGACUAUUCGUAGUCUUUGGUGAGCUCGUUACGUUUCUUCGGAAACGAACGGCUGAUCUAUGACCAGAUGUAUUCAGGCCGUGAGUAACGUCGCCGUACAUCUUCGGAUGUAGCGUCCCUAUUUUACAAACUUCGGUUUGGCUCGGAGGGACGCAGCAGGGUUCGCCCUGCUCGGCGAC
8BWT,10,1,,A,GGCGUUUUCGCUUCGGCGUUUACGCC
8CF2,14,2,,A B,AUACUUACCUG GGAGUAAGUCU
8CLM,1,2,1.8,A B C D E F,GUCUCCUAG GUCUCCUAG GUCUCCUAG CUAGGAGAC CUAGGAGAC CUAGGAGAC
8CLR,100,1,,A,GGCAGCUUGCUGCC
8CQ1,10,1,,A,GGGUGUGGCUGUCACUCGGCUGCAUGCUUAGUGCACUCACGCCC
8CXF,1,1,1.77,B A,CGCCCGTGCCCTGCGCCCGCAACCCGA CGCCCGTGCCCTGCGCCCGCAACCCGA
8D28,1,1,1.42,B A,GGCGAUACCAGCCGAAAGGCCCUUGGCAGCGCC GGCGAUACCAGCCGAAAGGCCCUUGGCAGCGCC
8D2A,1,1,2.17,A B,GGCGAUACCAGCCGAAAGGCCCUUGGCAGCGCC GGCGAUACCAGCCGAAAGGCCCUUGGCAGCGCC
8D2B,1,1,1.44,A B,GGCGAUACCAGCCGAAAGGCCCUUGGCAGCGCC GGCGAUACCAGCCGAAAGGCCCUUGGCAGCGCC
8D5L,1,1,1.64,A B C D,GGCGAUACCAGCCGAAAGGCCCUUGGCAGCGCC GGCGAUACCAGCCGAAAGGCCCUUGGCAGCGCC GGCGAUACCAGCCGAAAGGCCCUUGGCAGCGCC GGCGAUACCAGCCGAAAGGCCCUUGGCAGCGCC
8D5O,1,1,2.7,A B,GGCGAUACCAGCCGAAAGGCCCUUGGCAGCGCC GGCGAUACCAGCCGAAAGGCCCUUGGCAGCGCC
8EYU,1,1,1.95,B A,GCGCCGGUUAGGCAGAGGUGGGUGGUGUGGAGGAGUAUCUGUCCGGCGC GCGCCGGUUAGGCAGAGGUGGGUGGUGUGGAGGAGUAUCUGUCCGGCGC
8EYV,1,1,2.55,A B,GCGCCGGUUAGGCAGAGGUGGGUGGUGUGGAGGAGUAUCUGUCCGGCGC GCGCCGGUUAGGCAGAGGUGGGUGGUGUGGAGGAGUAUCUGUCCGGCGC
8EYW,1,1,2.1,B A,GCGCCGGUUAGGCAGAGGUGGGUGGUGUGGAGGAGUAUCUGUCCGGCGC GCGCCGGUUAGGCAGAGGUGGGUGGUGUGGAGGAGUAUCUGUCCGGCGC
8F0N,1,1,2.85,B A,GCGCCGGUUAGGCAGUGGUGGGUGGUGUGGAGGAGUAGCUGUCCGGCGC GCGCCGGUUAGGCAGUGGUGGGUGGUGUGGAGGAGUAGCUGUCCGGCGC
8F24,1,1,3.2,C A E D F B,GXGUXCXC GXGUXCXC GXGUXCXC GXGUXCXC GXGUXCXC GXGUXCXC
8F4O,1,1,3.1,A B,GCGACUCGGGGUGCCCUUCUGCGUGAAGGCUGAGAAAUACCCGUAUCACCUGAUCUGGAUAAUGCCAGCGUAGGGAAGUCGCA GCGACUCGGGGUGCCCUUCUGCGUGAAGGCUGAGAAAUACCCGUAUCACCUGAUCUGGAUAAUGCCAGCGUAGGGAAGUCGCA
8FB3,1,1,3.0,A B C,UGUGGUUCGCAACCAUCCCACAUAAAAAAACUAG UGUGGUUCGCAACCAUCCCACAUAAAAAAACUAG UGUGGUUCGCAACCAUCCCACAUAAAAAAACUAG
8FCS,20,1,,A,GGAGAGGAGGCAAGAUGCUGGCAUAGCUGUUGAACUGGGAACCUGCUAUGCCAACAUAUUGCCAUCUUUCC
8FEO,1,1,1.52,AAA,AGAGUAGAUCUUCUCU
8FEP,1,1,1.55,AAA,AGAGAAGUUCUUCUCU
8FEQ,1,1,1.5,AAA,AGAGUAGAUCUUCUCU
8FER,1,1,1.54,AAA BBB,AGAGAAGUUCUUCUCU AGAGAAGUUCUUCUCU
8FW4,1,1,4.3,Z,GGUUAAAGCCUUAUGGUCGCUACCAUUGCACUCCGGUAGCGUUAAAAGGGAAGACGGGUGAGAAUCCCGCGCAGCCCCCGCUACUGUGAGGGAGGACGAAGCCCUAGUAAGCCACUGCCGAAAGGUGGGAAGGCAGGGUGGAGGAUGAGUCCCGAGCCAGGAGACCUGCCAUAAGGUUUUAGAAGUUCGCCUUCGGGGGGAAGGUGAACA
8FZA,1,1,2.3,A B,UUGGGUUCCCUCACCCCAAUCAUAAAAAGG UUGGGUUCCCUCACCCCAAUCAUAAAAAGG
8HB1,1,2,2.23,A B,AGAGCGUUGCGUCCGAAAGUCGCC GCGACACGGCUCUUUAAAAACAAAAGGAGA
8HB3,1,2,2.87,A B,AGAGCGUUGCGUCCGAAAGUCGCC GCGACACGGCUCUUUAAAAACAAAAGGAGAA
8HB8,1,1,2.3,A,GCGGCGUUGCGUCCGAAAGUCUAAACAGACACGGCCGCUUAAAAACAAAAGGAGA
8HBA,1,1,2.64,A B,CGCGGCGUUGCGUCCGAAAGUCUAAACAGACACGGCCGCUUAAAAACAAAAGGAGA CGCGGCGUUGCGUCCGAAAGUCUAAACAGACACGGCCGCUUAAAAACAAAAGGAGA
8HD6,1,1,3.73,N,CUCUCUAAAUAGCAAUAUUUACCUUUGGAGGGAAAAGUUAUCAGGCAUGCACCUGGUAGCUAGUCUUUAAACCAAUAGAUUGCAUCGGUUUAAAAGGCAAGACCGUCAAAUUGCGGGAAAGGGGUCAACAGCCGUUCAGUACCAAGUCUCAGGGGAAACUUUGAGAUGGCCUUGCAAAGGGUAUGGUAAUAAGCUGACGGACAUGGUCCUAACCACGCAGCCAAGUCCUAAGUCAACAGAUCUUCUGUUGAUAUGGAUGCAGUUCACAAACUAAAUGUCGGUCGGGGAAGAUGUAUUCUUCUCAUAAGAUAUAGUCGGACCUCUCCUUAAUGGGAGCUAGCGGAUGAAGUGAUGCAACACUGGAGCCGCUGGGAACUAAUUUGUAUGCGAAAGUAUAUUGAUUAGUUUUGGAGUACUCG
8HD7,1,1,3.52,N,CUCUCUAAAUAGCAAUAUUUACCUUUGGAGGGAAAAGUUAUCAGGCAUGCACCUGGUAGCUAGUCUUUAAACCAAUAGAUUGCAUCGGUUUAAAAGGCAAGACCGUCAAAUUGCGGGAAAGGGGUCAACAGCCGUUCAGUACCAAGUCUCAGGGGAAACUUUGAGAUGGCCUUGCAAAGGGUAUGGUAAUAAGCUGACGGACAUGGUCCUAACCACGCAGCCAAGUCCUAAGUCAACAGAUCUUCUGUUGAUAUGGAUGCAGUUCACAAACUAAAUGUCGGUCGGGGAAGAUGUAUUCUUCUCAUAAGAUAUAGUCGGACCUCUCCUUAAUGGGAGCUAGCGGAUGAAGUGAUGCAACACUGGAGCCGCUGGGAACUAAUUUGUAUGCGAAAGUAUAUUGAUUAGUUUUGGAGUACUCG
8I3Z,1,2,1.67,A B,AGAGCGUUGCGUCCGAAAGUCGCC GCGACACGGCUCUUUAAAAACAAAAGGAGAA
8I43,11,1,,A,GGACGCUUUCGAGCCGUCC
8I44,11,1,,A,GGAUGCUUUCGAGCCAUCC
8I45,11,1,,A,GGACGCUUUCGAGCGGUCC
8I46,11,1,,A,GGAUGCUUUCGAGCGAUCC
8I7N,1,1,2.98,N,CUCUCUAAAUAGCAAUAUUUACCUUUGGAGGGAAAAGUUAUCAGGCAUGCACCUGGUAGCUAGUCUUUAAACCAAUAGAUUGCAUCGGUUUAAAAGGCAAGACCGUCAAAUUGCGGGAAAGGGGUCAACAGCCGUUCAGUACCAAGUCUCAGGGGAAACUUUGAGAUGGCCUUGCAAAGGGUAUGGUAAUAAGCUGACGGACAUGGUCCUAACCACGCAGCCAAGUCCUAAGUCAACAGAUCUUCUGUUGAUAUGGAUGCAGUUCACAAACUAAAUGUCGGUCGGGGAAGAUGUAUUCUUCUCAUAAGAUAUAGUCGGACCUCUCCUUAAUGGGAGCUAGCGGAUGAAGUGAUGCAACACUGGAGCCGCUGGGAACUAAUUUGUAUGCGAAAGUAUAUUGAUUAGUUUUGGAGUACUC
8ITS,1,1,1.94,A,GGGAGUUAGACUCGCGAAAGCGAGGAACUGCGAAAGCAGUACUUCC
8K0P,1,1,2.99,C A,GUGCGCUCGGCAUGGGUGCAAUCUCUAGGGUGAAAGUCCCGAACUGCGAAGGCAGAAGUAGCAGUUAGCUUAACGCAAGGGUGUCCGUGGUGACGCGGAAUCUGAAGGAAGCGGGCGGCAAACUUCCGGUCUGAGGAACACGAACUUCAUAUAAGGCUAGGUAUCAUUGGAUGAGUUUGCAAGACAAAACAAAGUCCUUUCUGCCGAAGGUGAUACAGAGUAAAUGAAGCAGAUAGAUGGAAGGAAAGAUUGUACUCUUACCCGAGGAGGUCUGAUGGAUACGUGAAGUGCGCUUCAUAACCUACUUAGUGAUAAGUAACUGAACCAUCAGAAGUCAGCAGAGGUCAUAGUACGAAUCGGUCUAGAACGAUUCGGAAGGACUGAACAAUCAAGAGAAAAUAGCCCUUGGCAUUCAGUACGUCAUGAUGAACACAGAAAACAUGGUACCUCCCAAGAGAAAGGAAACGGUGAAUCCCGUGGGAAUCUUUUGGAGGGUGGAGUGACGACUGGCAUAAGAAGAUCAGCUAUUUACGGAAGGAAGCUUGCGUCAUUAUCUUGAUUGAACCGCCGUAUACGGAACCGUACGUACGGUGGUGUGAGAGGACGGAGGUUAAUCACCUCCUCCUACUCGAU GUGCGCUCGGCAUGGGUGCAAUCUCUAGGGUGAAAGUCCCGAACUGCGAAGGCAGAAGUAGCAGUUAGCUUAACGCAAGGGUGUCCGUGGUGACGCGGAAUCUGAAGGAAGCGGGCGGCAAACUUCCGGUCUGAGGAACACGAACUUCAUAUAAGGCUAGGUAUCAUUGGAUGAGUUUGCAAGACAAAACAAAGUCCUUUCUGCCGAAGGUGAUACAGAGUAAAUGAAGCAGAUAGAUGGAAGGAAAGAUUGUACUCUUACCCGAGGAGGUCUGAUGGAUACGUGAAGUGCGCUUCAUAACCUACUUAGUGAUAAGUAACUGAACCAUCAGAAGUCAGCAGAGGUCAUAGUACGAAUCGGUCUAGAACGAUUCGGAAGGACUGAACAAUCAAGAGAAAAUAGCCCUUGGCAUUCAGUACGUCAUGAUGAACACAGAAAACAUGGUACCUCCCAAGAGAAAGGAAACGGUGAAUCCCGUGGGAAUCUUUUGGAGGGUGGAGUGACGACUGGCAUAAGAAGAUCAGCUAUUUACGGAAGGAAGCUUGCGUCAUUAUCUUGAUUGAACCGCCGUAUACGGAACCGUACGUACGGUGGUGUGAGAGGACGGAGGUUAAUCACCUCCUCCUACUCGAU
8K0S,1,1,3.41,C A,GUGCGCUCGGCAUGGGUGCAAUCUCUAGGGUGAAAGUCCCGAACUGCGAAGGCAGAAGUAGCAGUUAGCUUAACGCAAGGGUGUCCGUGGUGACGCGGAAUCUGAAGGAAGCGGGCGGCAAACUUCCGGUCUGAGGAACACGAACUUCAUAUAAGGCUAGGUAUCAUUGGAUGAGUUUGCCGCUAAGACAAAACAAAGUCCUUUCUGCCGAAGGUGAUACAGAGUAAAUGAAGCAGAUAGAUGGAAGGAAAGAUUGUACUCUUACCCGAGGAGGUCUGAUGGAUACGUGAAGUGCGCUUCAUAACCUACUUAGUGAUAAGUAACUGAACCAUCAGAAGUCAGCAGAGGUCAUAGUACGAAUCGGUCUAGAACGAUUCGGAAGGACUGAACAAUCAAGAGAAAAUAGCCCUUGGCAUUCAGUACGUCAUGAUGAACACAGAAAACAUGGUACCUCCCAAGAGAAAGGAAACGGUGAAUCCCGUGGGAAUCUUUUGGAGGGUGGAGUGACGACUGGCAUAAGAAGAUCAGCUAUUUACGGAAGGAAGCUUGCGUCAUUAUCUUGAUUGAACCGCCGUAUACGGAACCGUACGUACGGUGGUGUGAGAGGACGGAGGUUAAUCACCUCCUCCUACUCGAU GUGCGCUCGGCAUGGGUGCAAUCUCUAGGGUGAAAGUCCCGAACUGCGAAGGCAGAAGUAGCAGUUAGCUUAACGCAAGGGUGUCCGUGGUGACGCGGAAUCUGAAGGAAGCGGGCGGCAAACUUCCGGUCUGAGGAACACGAACUUCAUAUAAGGCUAGGUAUCAUUGGAUGAGUUUGCCGCUAAGACAAAACAAAGUCCUUUCUGCCGAAGGUGAUACAGAGUAAAUGAAGCAGAUAGAUGGAAGGAAAGAUUGUACUCUUACCCGAGGAGGUCUGAUGGAUACGUGAAGUGCGCUUCAUAACCUACUUAGUGAUAAGUAACUGAACCAUCAGAAGUCAGCAGAGGUCAUAGUACGAAUCGGUCUAGAACGAUUCGGAAGGACUGAACAAUCAAGAGAAAAUAGCCCUUGGCAUUCAGUACGUCAUGAUGAACACAGAAAACAUGGUACCUCCCAAGAGAAAGGAAACGGUGAAUCCCGUGGGAAUCUUUUGGAGGGUGGAGUGACGACUGGCAUAAGAAGAUCAGCUAUUUACGGAAGGAAGCUUGCGUCAUUAUCUUGAUUGAACCGCCGUAUACGGAACCGUACGUACGGUGGUGUGAGAGGACGGAGGUUAAUCACCUCCUCCUACUCGAU
8K15,1,1,2.58,C,GUACGACGGGCAUGUCGUACAUCUGAGGUGCAAGUCCUCUGUGGACACCUGCUACCGGUGAACCCAAUAGCGACUCCCAAGCCUGACUAUCGCGAGGUAACGGGGAGAGGAAGGGAUAGCGAAAUCGUGGCUCUACGAACAGAAACGUGAUAUUAAGGCGUAUAUAGUGGAUGAGGGGGCUAGGCACUCUAAAGUCCAAAAAGGUAGUCGUAAUCUAUGUGCGUAAAUCACGAGAGUAAACGAGGAAAGAUGUACGACUUAUCCCGUGAGGUCUCAUGAGCGUCAAGUAGACGUAGUAAUAACGAAUCAUGAGAAGUCAGCCGAGGUCAUAGUAGUGAUGAAGUUUCUGUAAUGGAAACGGAGCGAAGGACCGAACGAUUAAAUGAUACCCUAUCUAACUGAUUUUGUCUGCCCUAACACCUGGUCUGAAAUGACGGUACUCGCAGAACGUAUGCUGAAAGAGGCUGCUCACAAAUAUAGGACGGCACAAGCGGAACGAAAUCAUAUAUAGGUAGGUGUGGGAACAAAAAAAGUGUUCUCGCCAAAGUUUAGUUGAACCGCCGUGUGCCGAACGGCACGCACGGUGGUGUGAGAGGGACUAUCAAUUAGUCCCUACUCGAU
8PFK,1,1,1.321,A,CGCGAAUUAGCG
8PFQ,1,1,1.01,A B,CGCGAAUUAGCG CGCGAAUUAGCG
8Q4O,10,1,,A,CGGUAGCGGGUAUGGGUCCGGGU
8QMH,1,1,1.1,A B C D,GGCCCC GGCCCC GGCCCC GGCCCC
8QMI,1,1,1.5,A B C D,GGCCCC GGCCCC GGCCCC GGCCCC
8QO2,10,1,7.1,A,UUCUGCUGUUAACAGCUUUCAGCCAGGGACGUGUUGUAUCCUAGGCAGUGGCCCUCCCAUAGGUCACAAUGUCGAAGAUCAACAAAUACGGUCUCGAACUACACUGGGCUCCAGAAUUUCCAUGGAUGUUUGAGGACGCAGAGGAGAAGUUGGACAACCCUAGUAGUUCAGAGGUGGAUAUGAUUUGCUCCACCACUGCGCAAAAGCUGGAAACAGACGGAA
8QO3,10,1,6.6,A,AAGCUUUUGUGUCUUCAGCUUCCCUCUUCUCCUCGUGGGGUUCCGUUCCCGCGGUAGUGAGCCUGGUGUGGUUCCGCCCGCGCCAGUGAUGGAGGGUGCUUUAGGCACUAACAAGCUU
8QO4,10,1,5.9,A,UUUUUCAGUUAGAGCGUCGUGUCUCUUGUACGUCUCGGUCACAAUACACGGUUUCGUCCGGUGCGUGGCAAUUCGGGGCACAUCAUGUCUUUCGUGGCUGGUGUGACCGCGCAAGGUGCGCGCGGUACGUAUCGAGCAGCGCUCAACUCUGAAAAA
8QO5,10,1,6.5,A,UCGUUGACAGGACACGAGUAACUCGUCUAUCUUCUGCAGGCUGCUUACGGUUUCGUCCGUGUUGCAGCCGAUCAUCAGCACAUCUAGGUUUCGUCCGGGUGUGACCGAAAGGUAAGAUGGAGAGCCUUGUCCCUGGUUUCAACGA
8R63,15,2,,A B,AUACUUACCUG GGAGUAAGUCU
8R8P,15,2,,A B,AUACUUACCUG GGAGUAAGUCU
8S95,1,1,3.1,C,CGCCCGGAUAGCUCAGUCGGUAGAGCAGCGGCUAAAACAGCUCUGGGGUUGUACCCACCCCAGAGGCCCACGUGGCGGCUAGUACUCCGGUAUUGCGGUACCCUUGUACGCCUGUUUUAGCCGCGGGUCCAGGGUUCAAGUCCCUGUUCGGGCGCCA
8R62,14,2,,A B,AUACUUACCUG GGAGUAAGUCU
8SA2,1,1,3.1,A B,GGUUAAAGCCUUAUGGUCGCUACCAUUGCACUCCGGUAGCGUUAAAAGGGAAGACGGGUGAGAAUCCCGCGCAGCCCCCGCUACUGUGAGGGAGGACGAAGCCCUAGUAAGCCACUGCCGAAAGGUGGGAAGGCAGGGUGGAGGAUGAGUCCCGAGCCAGGAGACCUGCCAUAAGGUUUUAGAAGUUCGCCUUCGGGGGGAAGGUGAACA GGUUAAAGCCUUAUGGUCGCUACCAUUGCACUCCGGUAGCGUUAAAAGGGAAGACGGGUGAGAAUCCCGCGCAGCCCCCGCUACUGUGAGGGAGGACGAAGCCCUAGUAAGCCACUGCCGAAAGGUGGGAAGGCAGGGUGGAGGAUGAGUCCCGAGCCAGGAGACCUGCCAUAAGGUUUUAGAAGUUCGCCUUCGGGGGGAAGGUGAACA
8SA3,1,1,3.0,A B,GGUUAAAGCCUUAUGGUCGCUACCAUUGCACUCCGGUAGCGUUAAAAGGGAAGACGGGUGAGAAUCCCGCGCAGCCCCCGCUACUGUGAGGGAGGACGAAGCCCUAGUAAGCCACUGCCGAAAGGUGGGAAGGCAGGGUGGAGGAUGAGUCCCGAGCCAGGAGACCUGCCAUAAGGUUUUAGAAGUUCGCCUUCGGGGGGAAGGUGAACA GGUUAAAGCCUUAUGGUCGCUACCAUUGCACUCCGGUAGCGUUAAAAGGGAAGACGGGUGAGAAUCCCGCGCAGCCCCCGCUACUGUGAGGGAGGACGAAGCCCUAGUAAGCCACUGCCGAAAGGUGGGAAGGCAGGGUGGAGGAUGAGUCCCGAGCCAGGAGACCUGCCAUAAGGUUUUAGAAGUUCGCCUUCGGGGGGAAGGUGAACA
8SA4,1,1,3.1,A B,GGUUAAAGCCUUAUGGUCGCUACCAUUGCACUCCGGUAGCGUUAAAAGGGAAGACGGGUGAGAAUCCCGCGCAGCCCCCGCUACUGUGAGGGAGGACGAAGCCCUAGUAAGCCACUGCCGAAAGGUGGGAAGGCAGGGUGGAGGAUGAGUCCCGAGCCAGGAGACCUGCCAUAAGGUUUUAGAAGUUCGCCUUCGGGGGGAAGGUGAACA GGUUAAAGCCUUAUGGUCGCUACCAUUGCACUCCGGUAGCGUUAAAAGGGAAGACGGGUGAGAAUCCCGCGCAGCCCCCGCUACUGUGAGGGAGGACGAAGCCCUAGUAAGCCACUGCCGAAAGGUGGGAAGGCAGGGUGGAGGAUGAGUCCCGAGCCAGGAGACCUGCCAUAAGGUUUUAGAAGUUCGCCUUCGGGGGGAAGGUGAACA
8SA5,1,1,3.5,A B,GGUUAAAGCCUUAUGGUCGCUACCAUUGCACUCCGGUAGCGUUAAAAGGGAAGACGGGUGAGAAUCCCGCGCAGCCCCCGCUACUGUGAGGGAGGACGAAGCCCUAGUAAGCCACUGCCGAAAGGUGGGAAGGCAGGGUGGAGGAUGAGUCCCGAGCCAGGAGACCUGCCAUAAGGUUUUAGAAGUUCGCCUUCGGGGGGAAGGUGAACA GGUUAAAGCCUUAUGGUCGCUACCAUUGCACUCCGGUAGCGUUAAAAGGGAAGACGGGUGAGAAUCCCGCGCAGCCCCCGCUACUGUGAGGGAGGACGAAGCCCUAGUAAGCCACUGCCGAAAGGUGGGAAGGCAGGGUGGAGGAUGAGUCCCGAGCCAGGAGACCUGCCAUAAGGUUUUAGAAGUUCGCCUUCGGGGGGAAGGUGAACA
8SA6,1,1,5.3,A B,GGUUAAAGCCUUAUGGUCGCUACCAUUGCACUCCGGUAGCGUUAAAAGGGAAGACGGGUGAGAAUCCCGCGCAGCCCCCGCUACUGUGAGGGAGGACGAAGCCCUAGUAAGCCACUGCCGAAAGGUGGGAAGGCAGGGUGGAGGAUGAGUCCCGAGCCAGGAGACCUGCCAUAAGGUUUUAGAAGUUCGCCUUCGGGGGGAAGGUGAACA GGUUAAAGCCUUAUGGUCGCUACCAUUGCACUCCGGUAGCGUUAAAAGGGAAGACGGGUGAGAAUCCCGCGCAGCCCCCGCUACUGUGAGGGAGGACGAAGCCCUAGUAAGCCACUGCCGAAAGGUGGGAAGGCAGGGUGGAGGAUGAGUCCCGAGCCAGGAGACCUGCCAUAAGGUUUUAGAAGUUCGCCUUCGGGGGGAAGGUGAACA
8SCF,10,1,,A,GCGUUUAUAUAACAUGAAAUAUAUAUACGC
8SCH,10,1,,A,GAGAAUCCAGCUCUGGAAGCGUUUAUAUAACAUGAAAUAUAUAUACGCAUUCCGAUCAAAGCUGGGUU
8SKQ,1,1,1.35,A,GCGAAUTCGCGA
8SP9,1,1,2.92,C,GCCCGGAUAGCUCAGUCGGUAGAGCAGCGGUAAAACAGCCUGUGGGUUGAUCCCACCCACAGGGCCCAUUGGGCGCUAGCACUCUGGUAUCACGGUACCUUUGUGCGCCUGUUUUACCGCGGGUCCAGGGUUCAAGUCCCUGUUCGGGCGCCA
8SWG,1,1,1.5,A B,NNNGACUUAAGUCG NNNGACUUAAGUCG
8SWO,1,1,1.64,A B,UNNGACUUAAGUCG UNNGACUUAAGUCG
8SX5,1,1,1.95,A B,NUNGACUUAAGUCG NUNGACUUAAGUCG
8SX6,1,1,1.45,A B,UNNGACUUAAGUCG UNNGACUUAAGUCG
8SXL,1,1,1.9,A B,UUAGACUUAAGUCU UUAGACUUAAGUCU
8SY1,1,1,1.76,A B C D,UNNGACUUAAGUCG UNNGACUUAAGUCG UNNGACUUAAGUCG UNNGACUUAAGUCG
8T2P,1,2,5.0,A B,GACCAAUCUGCCCUCAGAGCUCGAGAACAUCUUCGGAUGCAGAGGAGGCAGGCUUCGGUGGCGCGAUAGCGCCAACGUCCUCAACCUCCAAUGCAUCCCACCACAUGAUGAUGCCUGAAGAGCCUUGGUUUUUUG GGAUCUUCUCGAUCUAACAAAAAAGACAAAUCUGCCACAAAGCUUGAGAGCAUCUUCGGAUGCAGAGGCGGCAGCCUUCGGUGGCGCGAUAGCGCCAACGUUCUCAACUAUGACACGCAAAACGCGUGCUCCGUUGAAUGGAGUUUAUCAUG
8THV,20,1,,A,GGCAGAUCUGAGCCUGGGAGCUCUCUGCC
8TJQ,1,1,3.4,N,GGGUCAGGCCGGCUGAUAUGGAUGCAGUUCACAGACUAAAUGUCGGUCGGGGAAGAUGUAUUCUUCUCAUAAGAUAUAGUCGGACCUCUCCUUAAUGGGAGCUAGCGGAUGAAGUGAUGCAACACUGGAGCCGCUGGGAACUAAUUUGUAUGCGAAAGUAUAUUGAUUAGUUUUGGAGGAGGGAAAAGUUAUCAGGCAUGCACCUGGUAGCUAGUCUUUAAACCAAUAGAUUGCAUCGGUUUAAAAGGCAAGACCGUCAAAUUGCGGGAAAGGGGUCAACAGCCGUUCAGUACCAAGUCUCAGGGGAAACUUUGAGAUGGCCUUGCAAAGGGUAUGGUAAUAAGCUGACGGACAUGGUCCUAACCACGCAGCCAAGUCCUAAGUCAGUCGCCACAGUUUGGGGAAAGCUGUGCAGCCUGUAACCCCCCCACGAAAGUGGG
8TJV,1,1,2.99,A,GGGCGAUGAGGCCCGCCCAAACUGCCCUAUAUGGAUGCAGUUCACAGACUAAAUGUCGGUCGGGGAAGAUGUAUUCUUCUCAUAAGAUAUAGUCGGACCUCUCCUUAAUGGGAGCUAGCGGAUGAAGUGAUGCAACACUGGAGCCGCUGGGAACUAAUUUGUAUGCGAAAGUAUAUUGAUUAGUUUUGGAGGAGGGAAAAGUUAUCAGGCAUGCACCUGGUAGCUAGUCUUUAAACCAAUAGAUUGCAUCGGUUUAAAAGGCAAGACCGUCAAAUUGCGGGAAAGGGGUCAACAGCCGUUCAGUACCAAGUCUCAGGGGAAACUUUGAGAUGGCCUUGCAAAGGGUAUGGUAAUAAGCUGACGGACAUGGUCCUAACCACGCAGCCAAGUCCUAAGUAGGGCUGAUGGCCUCUACUG
8TJX,1,1,2.44,N,GGGUCAGGCCGGCUGAUAUGGAUGCAGUUCACAGACUAAAUGUCGGUCGGGGAAGAUGUAUUCUUCUCAUAAGAUAUAGUCGGACCUCUCCUUAAUGGGAGCUAGCGGAUGAAGUGAUGCAACACUGGAGCCGCUGGGAACUAAUUUGUAUGCGAAAGUAUAUUGAUUAGUUUUGGAGGAGGGAAAAGUUAUCAGGCAUGCACCUGGUAGCUAGUCUUUAAACCAAUAGAUUGCAUCGGUUUAAAAGGCAAGACCGUCAAAUUGCGGGAAAGGGGUCAACAGCCGUUCAGUACCAAGUCUCAGGGGAAACUUUGAGAUGGCCUUGCAAAGGGUAUGGUAAUAAGCUGACGGACAUGGUCCUAACCACGCAGCCAAGUCCUAAGUCAGUCGCCACAGUUUGGGGAAAGCUGUGCAGCCUGUAACCCCCCCACGAAAGUGGG
8TNS,20,1,,A,GUGUGUGUGUGUGUGUGUGUGUGU
8TQX,1,1,2.09,D A,UGAUCUGGGCCCAGUAUCA UGAUCUGGGCCCAGUAUCA
8TSV,1,1,1.51,A B C D,CAGACUGCGAGGGCCCUCGAGUUUG CAGACUGCGAGGGCCCUCGAGUUUG CAGACUGCGAGGGCCCUCGAGUUUG CAGACUGCGAGGGCCCUCGAGUUUG
8TVZ,1,1,5.94,C,GGAAUCUCGCCCGAUGUUCGCAUCGGGAUUUGCAGGUCCAUGGAUUACACCAUGCAACGCAGACCUGUAGAUGCCACGCUAGCCGUGGUGAGGGUCGGGUCCAGAUGUCAUUCGACUUUAACGCGCCUAAGCGUUGAAGGCGUGUUAGAGCAGAUAGUUCGCUAUCUGGGGAGCCUGUUCGCAGGCUCAGGAGCCUUCGGGCUCCUAGCGCUAUUACCCCGGACACCACCGGGCAGACAAGUAAUGGUGCUCCUCGAAUGACUUCUGUUGAGUAGAGUGUGGGCUCCGCGGCUAGUGUGCACCUUAGCGGUGAAUGUCUGACACCGUUAAGGUGGUUACUCUUCGGAGUAACGCCGAGAUUCC
8U3M,10,1,,A,GGCAGAUCUGAGCCUUCGGGAGCUCUCUGCC
8U5K,1,1,2.8,A B C,GCGUACGAAGGAGAGGAGAGGAAGAGGAGAGUACGC GCGUACGAAGGAGAGGAGAGGAAGAGGAGAGUACGC GCGUACGAAGGAGAGGAGAGGAAGAGGAGAGUACGC
8U5P,1,1,2.9,A B C,GCGUACGAAGGAGAGGAGAGGAAGAGGAGAGUACGC GCGUACGAAGGAGAGGAGAGGAAGAGGAGAGUACGC GCGUACGAAGGAGAGGAGAGGAAGAGGAGAGUACGC
8U5R,1,1,2.6,B C A,GCGUACGAAGGUGAGGAGAGGCGAGGAAGAGUACGC GCGUACGAAGGUGAGGAGAGGCGAGGAAGAGUACGC GCGUACGAAGGUGAGGAGAGGCGAGGAAGAGUACGC
8U5T,1,1,2.2,A B C,GCGUACGAAGGUGAGGAGAGGCGAGGAAGAGUACGC GCGUACGAAGGUGAGGAGAGGCGAGGAAGAGUACGC GCGUACGAAGGUGAGGAGAGGCGAGGAAGAGUACGC
8U5Z,1,1,2.5,A B C,GCGUACGAAGGUGAGGAGAGGCGAGGAAGAGUACGC GCGUACGAAGGUGAGGAGAGGCGAGGAAGAGUACGC GCGUACGAAGGUGAGGAGAGGCGAGGAAGAGUACGC
8U60,1,1,3.3,A B C,GCGUACGAAGGAGAGGAGAGGAUGAGGAGAGUACGC GCGUACGAAGGAGAGGAGAGGAUGAGGAGAGUACGC GCGUACGAAGGAGAGGAGAGGAUGAGGAGAGUACGC
8U5J,1,1,1.7,A,GUACGAAGGAAGGUUUGGUAUGUGGUAGAUUCGUAC
8UPT,1,1,2.8,A,GGGGGACGGUCCGGCGACCAGCGGGUCUCUAAAACCUAGCCAGCGGGGUUCGACGCCCCGGUCUCUCGCCA
8UYE,30,1,5.9,A,GGAGCAUCGUGUCUCAAGUGCUUCACGGUCACAAUAUACCGUUUCGUCGGGUGCGUGGCAAUUCGGUGCACAUCAUGUCUUUCGUGGCUGGUGUGGCUCCUCAAGGUGCGAGGGGCAAGUAUAGAGCAGAGCUCC
8UYG,30,1,6.4,A,GGAGCAUCGUGUCUCAAGUGCUUCACGGUCACAAUAUACCGUUUCGUCGGGUGCGUGGCAAUUCGGUGCACAUCAUGUCUUUCGUGGCUGGUGUGGCUCCUCAAGGUGCGAGGGGCAAGUAUAGAGCAGAGCUCC
8UYJ,20,1,7.3,A,GGAGCAUCGUGUCUCAAGUGCUUCACGGUCACAAUAUACCGUUUCGUCGGGUGCGUGGCAAUUCGGUGCACAUCAUGUCUUUCGUGGCUGGUGUGGCUCCUCAAGGUGCGAGGGGCAAGUAUAGAGCAGAGCUCC
8UYK,30,1,6.9,A,GGAGCGUCGUGUCUCUUGUACGUCUCGGUCACAAUACACGGUUUCGUCCGGUGCGUGGCAAUUCGGGGCACAUCAUGUCUUUCGUGGCUGGUGUGACCGCGCAAGGUGCGCGCGGUACGUAUCGAGCAGCGCUCC
8UYL,30,1,6.4,A,GGAGCGUCGUGUCUCUUGUACGUCUCGGUCACAAUACACGGUUUCGUCCGGUGCGUGGCAAUUCGGGGCACAUCAUGUCUUUCGUGGCUGGUGUGACCGCGCAAGGUGCGCGCGGUACGUAUCGAGCAGCGCUCC
8UYM,30,1,6.4,A,GGAGCGUCGUGUCUCUUGUACGUCUCGGUCACAAUACACGGUUUCGUCCGGUGCGUGGCAAUUCGGGGCACAUCAUGUCUUUCGUGGCUGGUGUGACCGCGCAAGGUGCGCGCGGUACGUAUCGAGCAGCGCUCC
8UYP,20,1,7.1,A,GGUUGACAAGAAACGAGUAACUCGUCCCUCUUCUGCAGACUGCUUACGGUUUCGUCCGUGUUGCAGUCGAUCAUCAGCAUACCUAGGUUUCGUCCGGGUGUGACCGAAAGGUAAGAUGGAGAGCCUUGUUCUUGGUGUCAACC
8UYS,30,1,4.7,A,GGACACGAGUAACUCGUCUAUCUUCUGCAGGCUGCUUACGGUUUCGUCCGUGUUGCAGCCGAUCAUCAGCACAUCUAGGUUUCGUCCGGGUGUGACCGAAAGGUAAGAUGGAGAGCCUUGUCCC
8VAW,1,1,1.25,A B,NNNGACUUAAGUCGG NNNGACUUAAGUCGG
8VAX,1,1,1.417,BBB AAA,NNNGACUUAAGUCGG NNNGACUUAAGUCGG
8VCI,9,1,6.1,A,GGGAACCCAUGCUUCAGUCAGCUGAUGCACAAUCGUUUUUAAACGGGUUUCCGGUGUAAGUGCAGCCCGUCUUACACCGUGCGGCACAGGCACUAGUACUGAUGUCGUAUACAGGGCU
9EN6,1,1,0.918,AAA BBB CCC DDD,GGCCCC GGCCCC GGCCCC GGCCCC
